"ID","Probe_Set","REP","sample_ID","Sample_Set","Shehia","Study_Site","longitude","latitude"
"MqTZ0354","JL",1,"MqTZ0354","MAIN-A",NA,"Bagamoyo",38.9042446,-6.434682192
"YB5181","JJJ",1,"YB5181","MAIN-S",NA,"Bagamoyo",38.9042446,-6.434682192
"YB5433","JJJ",1,"YB5433","MAIN-S",NA,"Bagamoyo",38.9042446,-6.434682192
"YB5446","JJJ",1,"YB5446","MAIN-S",NA,"Bagamoyo",38.9042446,-6.434682192
"HDT21","JJJ",1,"HDT21","ZAN-S","Mwera","Uzini",NA,NA
"YB5454","JJJ",1,"YB5454","MAIN-S",NA,"Bagamoyo",38.9042446,-6.434682192
"ASM18","JJJ",1,"ASM18","ZAN-S","Kisauni","Bububu",NA,NA
"MHM18","JJJ",1,"MHM18","ZAN-S","Uzini","Uzini",NA,NA
"FNK18","JJJ",1,"FNK18","ZAN-S","Kiuyu","Micheweni",NA,NA
"MqTZ0425","JL",1,"MqTZ0425","MAIN-A",NA,"Bagamoyo",38.9042446,-6.434682192
"YB5008","JJJ",1,"YB5008","MAIN-S",NA,"Bagamoyo",38.9042446,-6.434682192
"YB5253","JJJ",1,"YB5253","MAIN-S",NA,"Bagamoyo",38.9042446,-6.434682192
"YB5198","JJJ",1,"YB5198","MAIN-S",NA,"Bagamoyo",38.9042446,-6.434682192
"FP7454","JJJ",1,"FP7454","ZAN-A","JENDELE",NA,39.38463273,-6.160848131
"FP27539","JJJ",1,"FP27539","ZAN-A","GHANA",NA,39.30155712,-6.043466976
"YB5322","JJJ",1,"YB5322","MAIN-S",NA,"Bagamoyo",38.9042446,-6.434682192
"MqTZ0167","JL",1,"MqTZ0167","MAIN-A",NA,"Bagamoyo",38.9042446,-6.434682192
"UJM29","JJJ",1,"UJM29","ZAN-S","Mbalene","Bububu",NA,NA
"YB5302","JJJ",1,"YB5302","MAIN-S",NA,"Bagamoyo",38.9042446,-6.434682192
"MOA2","JJJ",1,"MOA2","ZAN-S","Vyamboni","Micheweni",NA,NA
"DMA30","JJJ",1,"DMA30","ZAN-S","Bambi","Uzini",NA,NA
"RAA55","JJJ",1,"RAA55","ZAN-S","Dimani","Bububu",NA,NA
"YB5022","JJJ",1,"YB5022","MAIN-S",NA,"Bagamoyo",38.9042446,-6.434682192
"AAB39","JJJ",1,"AAB39","ZAN-S","Dimani","Bububu",NA,NA
"YB5320","JJJ",1,"YB5320","MAIN-S",NA,"Bagamoyo",38.9042446,-6.434682192
"YB5388","JJJ",1,"YB5388","MAIN-S",NA,"Bagamoyo",38.9042446,-6.434682192
"YB5297","JJJ",1,"YB5297","MAIN-S",NA,"Bagamoyo",38.9042446,-6.434682192
"FP21307","JJJ",1,"FP21307","ZAN-A","UZI",NA,NA,NA
"MMK17","JJJ",1,"MMK17","ZAN-S","Kitogani","Bububu",NA,NA
"RMR27","JJJ",1,"RMR27","ZAN-S","Chuini","Bububu",NA,NA
"YHH36","JJJ",1,"YHH36","ZAN-S","Uzini","Uzini",NA,NA
"FP2255","JJJ",1,"FP2255","ZAN-A","K_MKWAJUNI",NA,39.31241867,-6.077089055
"YB5452","JJJ",1,"YB5452","MAIN-S",NA,"Bagamoyo",38.9042446,-6.434682192
"MqTZ0162","JL",1,"MqTZ0162","MAIN-A",NA,"Bagamoyo",38.9042446,-6.434682192
"AJS35","JJJ",1,"AJS35","ZAN-S","Chuini","Bububu",NA,NA
"FP4256","JJJ",1,"FP4256","ZAN-A","GHANA",NA,39.29111336,-6.026668736
"MqTZ0216","JL",1,"MqTZ0216","MAIN-A",NA,"Bagamoyo",38.9042446,-6.434682192
"YB5431","JJJ",1,"YB5431","MAIN-S",NA,"Bagamoyo",38.9042446,-6.434682192
"FP7898","JJJ",1,"FP7898","ZAN-A","JENDELE",NA,39.36708925,-6.172345277
"YB5260","JJJ",1,"YB5260","MAIN-S",NA,"Bagamoyo",38.9042446,-6.434682192
"YB5273","JJJ",1,"YB5273","MAIN-S",NA,"Bagamoyo",38.9042446,-6.434682192
"YB5355","JJJ",1,"YB5355","MAIN-S",NA,"Bagamoyo",38.9042446,-6.434682192
"YB5040","JJJ",1,"YB5040","MAIN-S",NA,"Bagamoyo",38.9042446,-6.434682192
"YB5465","JJJ",1,"YB5465","MAIN-S",NA,"Bagamoyo",38.9042446,-6.434682192
"AJM38","JJJ",1,"AJM38","ZAN-S","Shakani","Bububu",NA,NA
"YB5461","JJJ",1,"YB5461","MAIN-S",NA,"Bagamoyo",38.9042446,-6.434682192
"YB5003","JJJ",1,"YB5003","MAIN-S",NA,"Bagamoyo",38.9042446,-6.434682192
"FP0962","JJJ",1,"FP0962","ZAN-A","GHANA",NA,39.28715164,-6.03375475
"YB5319","JJJ",1,"YB5319","MAIN-S",NA,"Bagamoyo",38.9042446,-6.434682192
"MqTZ0260","JL",1,"MqTZ0260","MAIN-A",NA,"Bagamoyo",38.9042446,-6.434682192
"HAR58","JJJ",1,"HAR58","ZAN-S","Maungani","Bububu",NA,NA
"ZOA34","JJJ",1,"ZOA34","ZAN-S","Chuini","Bububu",NA,NA
"FP1476","JJJ",1,"FP1476","ZAN-A","GHANA",NA,39.28958108,-6.033098822
"HAB16","JJJ",1,"HAB16","ZAN-S","Tumbe Mashariki","Micheweni",NA,NA
"YB5042","JJJ",1,"YB5042","MAIN-S",NA,"Bagamoyo",38.9042446,-6.434682192
"MqTZ0440","JL",1,"MqTZ0440","MAIN-A",NA,"Bagamoyo",38.9042446,-6.434682192
"AMH11","JJJ",1,"AMH11","ZAN-S","Dole","Uzini",NA,NA
"FP23631","JJJ",1,"FP23631","ZAN-A","KITOGANI",NA,39.43022235,-6.270919571
"YB5196","JJJ",1,"YB5196","MAIN-S",NA,"Bagamoyo",38.9042446,-6.434682192
"YB5237","JJJ",1,"YB5237","MAIN-S",NA,"Bagamoyo",38.9042446,-6.434682192
"YB5039","JJJ",1,"YB5039","MAIN-S",NA,"Bagamoyo",38.9042446,-6.434682192
"MqTZ0406","JL",1,"MqTZ0406","MAIN-A",NA,"Bagamoyo",38.9042446,-6.434682192
"YB5466","JJJ",1,"YB5466","MAIN-S",NA,"Bagamoyo",38.9042446,-6.434682192
"OHO27","JJJ",1,"OHO27","ZAN-S","Tumbe","Micheweni",NA,NA
"MqTZ0123","JL",1,"MqTZ0123","MAIN-A",NA,"Bagamoyo",38.9042446,-6.434682192
"AAP13","JJJ",1,"AAP13","ZAN-S","Kama","Bububu",NA,NA
"YB5240","JJJ",1,"YB5240","MAIN-S",NA,"Bagamoyo",38.9042446,-6.434682192
"MqTZ0121","JL",1,"MqTZ0121","MAIN-A",NA,"Bagamoyo",38.9042446,-6.434682192
"YB5085","JJJ",1,"YB5085","MAIN-S",NA,"Bagamoyo",38.9042446,-6.434682192
"YB5351","JJJ",1,"YB5351","MAIN-S",NA,"Bagamoyo",38.9042446,-6.434682192
"AMM63","JJJ",1,"AMM63","ZAN-S","Dimani","Bububu",NA,NA
"YB5370","JJJ",1,"YB5370","MAIN-S",NA,"Bagamoyo",38.9042446,-6.434682192
"MSS26","JJJ",1,"MSS26","ZAN-S","Kizimbani","Bububu",NA,NA
"FP4860","JJJ",1,"FP4860","ZAN-A","MACHUI",NA,39.29137487,-6.09565549
"YB5255","JJJ",1,"YB5255","MAIN-S",NA,"Bagamoyo",38.9042446,-6.434682192
"FMZ4","JJJ",1,"FMZ4","ZAN-S","Tumbe Magharibi","Micheweni",NA,NA
"YB5209","JJJ",1,"YB5209","MAIN-S",NA,"Bagamoyo",38.9042446,-6.434682192
"MqTZ0494","JL",1,"MqTZ0494","MAIN-A",NA,"Bagamoyo",38.9042446,-6.434682192
"YB5335","JJJ",1,"YB5335","MAIN-S",NA,"Bagamoyo",38.9042446,-6.434682192
"AKS20","JJJ",1,"AKS20","ZAN-S","Kazole","Bububu",NA,NA
"HMN10","JJJ",1,"HMN10","ZAN-S","Maungani","Bububu",NA,NA
"YB5257","JJJ",1,"YB5257","MAIN-S",NA,"Bagamoyo",38.9042446,-6.434682192
"YB5295","JJJ",1,"YB5295","MAIN-S",NA,"Bagamoyo",38.9042446,-6.434682192
"MqTZ0178","JL",1,"MqTZ0178","MAIN-A",NA,"Bagamoyo",38.9042446,-6.434682192
"NAJ16","JJJ",1,"NAJ16","ZAN-S","Shakani","Bububu",NA,NA
"OCO31","JJJ",1,"OCO31","ZAN-S","Kilombero","Uzini",NA,NA
"YB5443","JJJ",1,"YB5443","MAIN-S",NA,"Bagamoyo",38.9042446,-6.434682192
"YB5074","JJJ",1,"YB5074","MAIN-S",NA,"Bagamoyo",38.9042446,-6.434682192
"YB5451","JJJ",1,"YB5451","MAIN-S",NA,"Bagamoyo",38.9042446,-6.434682192
"YAK23","JJJ",1,"YAK23","ZAN-S","Shuumba Vyamboni Mgeninje","Micheweni",NA,NA
"YB5029","JJJ",1,"YB5029","MAIN-S",NA,"Bagamoyo",38.9042446,-6.434682192
"YB5250","JJJ",1,"YB5250","MAIN-S",NA,"Bagamoyo",38.9042446,-6.434682192
"YB5078","JJJ",1,"YB5078","MAIN-S",NA,"Bagamoyo",38.9042446,-6.434682192
"FP29060","JJJ",1,"FP29060","ZAN-A","BWELEO",NA,39.28960255,-6.295493437
"FP20924","JJJ",1,"FP20924","ZAN-A","GHANA",NA,39.29537335,-6.050774542
"MIM4","JJJ",1,"MIM4","ZAN-S","Maziwa Ngombe","Micheweni",NA,NA
"FP29722","JJJ",1,"FP29722","ZAN-A","BWELEO",NA,39.28617144,-6.283244696
"FP26854","JJJ",1,"FP26854","ZAN-A","UZINI",NA,39.32821636,-6.078812382
"FP0347","JJJ",1,"FP0347","ZAN-A","MACHUI",NA,39.28352324,-6.107870364
"MJC7","JJJ",1,"MJC7","ZAN-S","Bambi","Uzini",NA,NA
"MqTZ0437","JL",1,"MqTZ0437","MAIN-A",NA,"Bagamoyo",38.9042446,-6.434682192
"YB5073","JJJ",1,"YB5073","MAIN-S",NA,"Bagamoyo",38.9042446,-6.434682192
"JAJ29","JJJ",1,"JAJ29","ZAN-S","Tumbe Kafiwa","Micheweni",NA,NA
"YB5298","JJJ",1,"YB5298","MAIN-S",NA,"Bagamoyo",38.9042446,-6.434682192
"BIM02","JJJ",1,"BIM02","ZAN-S","Mchangani","Uzini",NA,NA
"HRH12","JJJ",1,"HRH12","ZAN-S","Kiuyu","Micheweni",NA,NA
"SBA35","JJJ",1,"SBA35","ZAN-S","Tumbe Mashariki","Micheweni",NA,NA
"YB5419","JJJ",1,"YB5419","MAIN-S",NA,"Bagamoyo",38.9042446,-6.434682192
"KSA30","JJJ",1,"KSA30","ZAN-S","Shakani","Bububu",NA,NA
"STK32","JJJ",1,"STK32","ZAN-S","Tumbe","Micheweni",NA,NA
"AIS33","JJJ",1,"AIS33","ZAN-S","Bambi","Uzini",NA,NA
"YB5266","JJJ",1,"YB5266","MAIN-S",NA,"Bagamoyo",38.9042446,-6.434682192
"YB5327","JJJ",1,"YB5327","MAIN-S",NA,"Bagamoyo",38.9042446,-6.434682192
"MqTZ0140","JL",1,"MqTZ0140","MAIN-A",NA,"Bagamoyo",38.9042446,-6.434682192
"YB5059","JJJ",1,"YB5059","MAIN-S",NA,"Bagamoyo",38.9042446,-6.434682192
"FP22098","JJJ",1,"FP22098","ZAN-A","MTENDE",NA,39.52566132,-6.449386744
"AKR19","JJJ",1,"AKR19","ZAN-S","Shumba Vyamboni","Micheweni",NA,NA
"TRK4","JJJ",1,"TRK4","ZAN-S","Shakani","Bububu",NA,NA
"FP23473","JJJ",1,"FP23473","ZAN-A","KITOGANI",NA,39.43799849,-6.287997104
"YB5280","JJJ",1,"YB5280","MAIN-S",NA,"Bagamoyo",38.9042446,-6.434682192
"SJA41","JJJ",1,"SJA41","ZAN-S","Tumbe Magharibi","Micheweni",NA,NA
"MNK17","JJJ",1,"MNK17","ZAN-S","Kiuyu","Micheweni",NA,NA
"RLK59","JJJ",1,"RLK59","ZAN-S","Dimani","Bububu",NA,NA
"SJH29","JJJ",1,"SJH29","ZAN-S","Kilombero","Uzini",NA,NA
"FP4150","JJJ",1,"FP4150","ZAN-A","TINDINI",NA,39.37017381,-6.299285143
"YB5062","JJJ",1,"YB5062","MAIN-S",NA,"Bagamoyo",38.9042446,-6.434682192
"SAK42","JJJ",1,"SAK42","ZAN-S","Mwakaje","Bububu",NA,NA
"MMO8","JJJ",1,"MMO8","ZAN-S","Bambi","Uzini",NA,NA
"MAO35","JJJ",1,"MAO35","ZAN-S","Uzini","Uzini",NA,NA
"YB5296","JJJ",1,"YB5296","MAIN-S",NA,"Bagamoyo",38.9042446,-6.434682192
"FP5179","JJJ",1,"FP5179","ZAN-A","GHANA",NA,39.29361442,-6.032399457
"FKK62","JJJ",1,"FKK62","ZAN-S","Kisakasaka","Bububu",NA,NA
"YB5135","JJJ",1,"YB5135","MAIN-S",NA,"Bagamoyo",38.9042446,-6.434682192
"FP29243","JJJ",1,"FP29243","ZAN-A","BWELEO",NA,39.2882333,-6.294591798
"AMH53","JJJ",1,"AMH53","ZAN-S","Kombeni","Bububu",NA,NA
"YB5050","JJJ",1,"YB5050","MAIN-S",NA,"Bagamoyo",38.9042446,-6.434682192
"YB5312","JJJ",1,"YB5312","MAIN-S",NA,"Bagamoyo",38.9042446,-6.434682192
"SOA1","JJJ",1,"SOA1","ZAN-S","Vyamboni","Micheweni",NA,NA
"YB5325","JJJ",1,"YB5325","MAIN-S",NA,"Bagamoyo",38.9042446,-6.434682192
"YB5263","JJJ",1,"YB5263","MAIN-S",NA,"Bagamoyo",38.9042446,-6.434682192
"FP30627","JJJ",1,"FP30627","ZAN-A","K_MKWAJUNI",NA,39.31667854,-6.079423453
"YB5435","JJJ",1,"YB5435","MAIN-S",NA,"Bagamoyo",38.9042446,-6.434682192
"YB5310","JJJ",1,"YB5310","MAIN-S",NA,"Bagamoyo",38.9042446,-6.434682192
"SAJ15","JJJ",1,"SAJ15","ZAN-S","Buyu Chukwani","Bububu",NA,NA
"YB5262","JJJ",1,"YB5262","MAIN-S",NA,"Bagamoyo",38.9042446,-6.434682192
"YB5019","JJJ",1,"YB5019","MAIN-S",NA,"Bagamoyo",38.9042446,-6.434682192
"YB5256","JJJ",1,"YB5256","MAIN-S",NA,"Bagamoyo",38.9042446,-6.434682192
"ASS3","JJJ",1,"ASS3","ZAN-S","Mbweni","Bububu",NA,NA
"RSA32","JJJ",1,"RSA32","ZAN-S","Shakani","Bububu",NA,NA
"AHJ37","JJJ",1,"AHJ37","ZAN-S","Tumbe Magharibi","Micheweni",NA,NA
"FP6627","JJJ",1,"FP6627","ZAN-A","UZINI",NA,39.32222138,-6.072958266
"MqTZ0153","JL",1,"MqTZ0153","MAIN-A",NA,"Bagamoyo",38.9042446,-6.434682192
"MHJ34","JJJ",1,"MHJ34","ZAN-S","Uzini","Uzini",NA,NA
"YB5239","JJJ",1,"YB5239","MAIN-S",NA,"Bagamoyo",38.9042446,-6.434682192
"WJZ14","JJJ",1,"WJZ14","ZAN-S","Kizimbani","Bububu",NA,NA
"FP1740","JJJ",1,"FP1740","ZAN-A","BWEJUU",NA,39.53312701,-6.244492196
"YB5245","JJJ",1,"YB5245","MAIN-S",NA,"Bagamoyo",38.9042446,-6.434682192
"AHJ46","JJJ",1,"AHJ46","ZAN-S","Dimani","Bububu",NA,NA
"MPN25","JJJ",1,"MPN25","ZAN-S","P.Mchangani","Bububu",NA,NA
"TAS26","JJJ",1,"TAS26","ZAN-S","Koani","Uzini",NA,NA
"EEA40","JJJ",1,"EEA40","ZAN-S","Shakani","Bububu",NA,NA
"HSV15","JJJ",1,"HSV15","ZAN-S","Mchangani","Uzini",NA,NA
"YB5439","JJJ",1,"YB5439","MAIN-S",NA,"Bagamoyo",38.9042446,-6.434682192
"MqTZ0191","JL",1,"MqTZ0191","MAIN-A",NA,"Bagamoyo",38.9042446,-6.434682192
"YB5242","JJJ",1,"YB5242","MAIN-S",NA,"Bagamoyo",38.9042446,-6.434682192
"YB5013","JJJ",1,"YB5013","MAIN-S",NA,"Bagamoyo",38.9042446,-6.434682192
"MqTZ0455","JL",1,"MqTZ0455","MAIN-A",NA,"Bagamoyo",38.9042446,-6.434682192
"FP23104","JJJ",1,"FP23104","ZAN-A","KITOGANI",NA,39.42013309,-6.27093147
"WSA41","JJJ",1,"WSA41","ZAN-S","Shakani","Bububu",NA,NA
"YB5082","JJJ",1,"YB5082","MAIN-S",NA,"Bagamoyo",38.9042446,-6.434682192
"YB5294","JJJ",1,"YB5294","MAIN-S",NA,"Bagamoyo",38.9042446,-6.434682192
"CJA37","JJJ",1,"CJA37","ZAN-S","Dole","Bububu",NA,NA
"YB5066","JJJ",1,"YB5066","MAIN-S",NA,"Bagamoyo",38.9042446,-6.434682192
"MqTZ0499","JL",1,"MqTZ0499","MAIN-A",NA,"Bagamoyo",38.9042446,-6.434682192
"YB5430","JJJ",1,"YB5430","MAIN-S",NA,"Bagamoyo",38.9042446,-6.434682192
"MUM12","JJJ",1,"MUM12","ZAN-S","Tunduni","Uzini",NA,NA
"YB5311","JJJ",1,"YB5311","MAIN-S",NA,"Bagamoyo",38.9042446,-6.434682192
"MqTZ0276","JL",1,"MqTZ0276","MAIN-A",NA,"Bagamoyo",38.9042446,-6.434682192
"YB5424","JJJ",1,"YB5424","MAIN-S",NA,"Bagamoyo",38.9042446,-6.434682192
"YB5238","JJJ",1,"YB5238","MAIN-S",NA,"Bagamoyo",38.9042446,-6.434682192
"FP5079","JJJ",1,"FP5079","ZAN-A","GHANA",NA,39.29131396,-6.027500259
"MqTZ0454","JL",1,"MqTZ0454","MAIN-A",NA,"Bagamoyo",38.9042446,-6.434682192
"SJH27","JJJ",1,"SJH27","ZAN-S","Dunga Bweni","Uzini",NA,NA
"HIH56","JJJ",1,"HIH56","ZAN-S","Dimani","Bububu",NA,NA
"FP7978","JJJ",1,"FP7978","ZAN-A","FUMBA",NA,39.28424719,-6.315508676
"FP4861","JJJ",1,"FP4861","ZAN-A","MACHUI",NA,39.29137487,-6.09565549
"YB5083","JJJ",1,"YB5083","MAIN-S",NA,"Bagamoyo",38.9042446,-6.434682192
"SHJ36","JJJ",1,"SHJ36","ZAN-S","Tumbe","Micheweni",NA,NA
"YB5016","JJJ",1,"YB5016","MAIN-S",NA,"Bagamoyo",38.9042446,-6.434682192
"YB5053","JJJ",1,"YB5053","MAIN-S",NA,"Bagamoyo",38.9042446,-6.434682192
"YB5251","JJJ",1,"YB5251","MAIN-S",NA,"Bagamoyo",38.9042446,-6.434682192
"YB5235","JJJ",1,"YB5235","MAIN-S",NA,"Bagamoyo",38.9042446,-6.434682192
"YB5037","JJJ",1,"YB5037","MAIN-S",NA,"Bagamoyo",38.9042446,-6.434682192
"YB5067","JJJ",1,"YB5067","MAIN-S",NA,"Bagamoyo",38.9042446,-6.434682192
"FP1449","JJJ",1,"FP1449","ZAN-A","GHANA",NA,39.300346,-6.048978306
"AMM4","JJJ",1,"AMM4","ZAN-S","Tunduni","Uzini",NA,NA
"YB5331","JJJ",1,"YB5331","MAIN-S",NA,"Bagamoyo",38.9042446,-6.434682192
"AKM28","JJJ",1,"AKM28","ZAN-S","Uzini","Uzini",NA,NA
"YB5432","JJJ",1,"YB5432","MAIN-S",NA,"Bagamoyo",38.9042446,-6.434682192
"YB5300","JJJ",1,"YB5300","MAIN-S",NA,"Bagamoyo",38.9042446,-6.434682192
"YB5054","JJJ",1,"YB5054","MAIN-S",NA,"Bagamoyo",38.9042446,-6.434682192
"FP26048","JJJ",1,"FP26048","ZAN-A","BWEJUU",NA,39.53235676,-6.24445433
"NHA13","JJJ",1,"NHA13","ZAN-S","Bambi","Uzini",NA,NA
"AKO45","JJJ",1,"AKO45","ZAN-S","Shakani","Bububu",NA,NA
"YB5035","JJJ",1,"YB5035","MAIN-S",NA,"Bagamoyo",38.9042446,-6.434682192
"FP3417","JJJ",1,"FP3417","ZAN-A","KITOGANI",NA,39.44489084,-6.268020765
"YB5058","JJJ",1,"YB5058","MAIN-S",NA,"Bagamoyo",38.9042446,-6.434682192
"FP24365","JJJ",1,"FP24365","ZAN-A","KIZIMKAZI_DIMBANI",NA,39.46346334,-6.437177822
"FP28999","JJJ",1,"FP28999","ZAN-A","MACHUI",NA,39.27987358,-6.098305569
"FP3543","JJJ",1,"FP3543","ZAN-A","KITOGANI",NA,39.46511943,-6.282681674
"YB5021","JJJ",1,"YB5021","MAIN-S",NA,"Bagamoyo",38.9042446,-6.434682192
"YB5187","JJJ",1,"YB5187","MAIN-S",NA,"Bagamoyo",38.9042446,-6.434682192
"YB5246","JJJ",1,"YB5246","MAIN-S",NA,"Bagamoyo",38.9042446,-6.434682192
"MqTZ0302","JL",1,"MqTZ0302","MAIN-A",NA,"Bagamoyo",38.9042446,-6.434682192
"FP8575","JJJ",1,"FP8575","ZAN-A","TINDINI",NA,NA,NA
"MqTZ0187","JL",1,"MqTZ0187","MAIN-A",NA,"Bagamoyo",38.9042446,-6.434682192
"YB5265","JJJ",1,"YB5265","MAIN-S",NA,"Bagamoyo",38.9042446,-6.434682192
"RSR26","JJJ",1,"RSR26","ZAN-S","Shumba Vyamboni Mihogoni","Micheweni",NA,NA
"FP5967","JJJ",1,"FP5967","ZAN-A","GHANA",NA,39.28746213,-6.048372557
"HOA7","JJJ",1,"HOA7","ZAN-S","Tumbe Magharibi","Micheweni",NA,NA
"AKM43","JJJ",1,"AKM43","ZAN-S","Dimani","Bububu",NA,NA
"YB5244","JJJ",1,"YB5244","MAIN-S",NA,"Bagamoyo",38.9042446,-6.434682192
"FAH13","JJJ",1,"FAH13","ZAN-S","Micheweni","Micheweni",NA,NA
"FP5281","JJJ",1,"FP5281","ZAN-A","MACHUI",NA,39.28510265,-6.100128633
"KKV37","JJJ",1,"KKV37","ZAN-S","Pangeni","Uzini",NA,NA
"FP29714","JJJ",1,"FP29714","ZAN-A","BWELEO",NA,39.28288327,-6.285532321
"YB5455","JJJ",1,"YB5455","MAIN-S",NA,"Bagamoyo",38.9042446,-6.434682192
"JKJ32","JJJ",1,"JKJ32","ZAN-S","Bambi","Uzini",NA,NA
"FP28761","JJJ",1,"FP28761","ZAN-A","MACHUI",NA,39.28393805,-6.105838212
"KSH24","JJJ",1,"KSH24","ZAN-S","Uzini","Uzini",NA,NA
"AAA24","JJJ",1,"AAA24","ZAN-S","Kazole","Bububu",NA,NA
"FP3328","JJJ",1,"FP3328","ZAN-A","KITOGANI",NA,39.46113258,-6.285125702
"YB5070","JJJ",1,"YB5070","MAIN-S",NA,"Bagamoyo",38.9042446,-6.434682192
"YB5261","JJJ",1,"YB5261","MAIN-S",NA,"Bagamoyo",38.9042446,-6.434682192
"YB5259","JJJ",1,"YB5259","MAIN-S",NA,"Bagamoyo",38.9042446,-6.434682192
"AMJ49","JJJ",1,"AMJ49","ZAN-S","Shakani","Bububu",NA,NA
"FP6063","JJJ",1,"FP6063","ZAN-A","BWEJUU",NA,39.53279514,-6.24821907
"MRI5","JJJ",1,"MRI5","ZAN-S","Tumbe Magharibi","Micheweni",NA,NA
"YB5252","JJJ",1,"YB5252","MAIN-S",NA,"Bagamoyo",38.9042446,-6.434682192
"YB5006","JJJ",1,"YB5006","MAIN-S",NA,"Bagamoyo",38.9042446,-6.434682192
"SKA09","JJJ",1,"SKA09","ZAN-S","Mwera","Uzini",NA,NA
"MqTZ0367","JL",1,"MqTZ0367","MAIN-A",NA,"Bagamoyo",38.9042446,-6.434682192
"KKD24","JJJ",1,"KKD24","ZAN-S","Micheweni Mjini","Micheweni",NA,NA
"KMK11","JJJ",1,"KMK11","ZAN-S","Kitundu","Bububu",NA,NA
"MqTZ0366","JL",1,"MqTZ0366","MAIN-A",NA,"Bagamoyo",38.9042446,-6.434682192
"YB5434","JJJ",1,"YB5434","MAIN-S",NA,"Bagamoyo",38.9042446,-6.434682192
"JRS52","JJJ",1,"JRS52","ZAN-S","Mwera","Bububu",NA,NA
"YB5398","JJJ",1,"YB5398","MAIN-S",NA,"Bagamoyo",38.9042446,-6.434682192
"ZIA50","JJJ",1,"ZIA50","ZAN-S","Mwakaje","Bububu",NA,NA
"YB5071","JJJ",1,"YB5071","MAIN-S",NA,"Bagamoyo",38.9042446,-6.434682192
"MSF15","JJJ",1,"MSF15","ZAN-S","Wingwi","Micheweni",NA,NA
"HRA47","JJJ",1,"HRA47","ZAN-S","Chukwani","Bububu",NA,NA
"MKK54","JJJ",1,"MKK54","ZAN-S","Dimani","Bububu",NA,NA
"YB5049","JJJ",1,"YB5049","MAIN-S",NA,"Bagamoyo",38.9042446,-6.434682192
"MR16","JJJ",1,"MR16","ZAN-S","Tumbe Magharibi","Micheweni",NA,NA
"KHS9","JJJ",1,"KHS9","ZAN-S","Micheweni Mjini","Micheweni",NA,NA
"HHV51","JJJ",1,"HHV51","ZAN-S","Michungwa Miwili","Bububu",NA,NA
"YB5423","JJJ",1,"YB5423","MAIN-S",NA,"Bagamoyo",38.9042446,-6.434682192
"YB5236","JJJ",1,"YB5236","MAIN-S",NA,"Bagamoyo",38.9042446,-6.434682192
"MMS43","JJJ",1,"MMS43","ZAN-S","Tumbe Mashariki","Micheweni",NA,NA
"YB5268","JJJ",1,"YB5268","MAIN-S",NA,"Bagamoyo",38.9042446,-6.434682192
"MqTZ0202","JL",1,"MqTZ0202","MAIN-A",NA,"Bagamoyo",38.9042446,-6.434682192
"FP2259","JJJ",1,"FP2259","ZAN-A","K_MKWAJUNI",NA,39.31148703,-6.076131643
"KMM2","JJJ",1,"KMM2","ZAN-S","K.Samaki","Bububu",NA,NA
"FP0289","JJJ",1,"FP0289","ZAN-A","K_MKWAJUNI",NA,39.30100416,-6.078238859
"FP6915","JJJ",1,"FP6915","ZAN-A","BWELEO",NA,39.28860545,-6.295619601
"HAF30","JJJ",1,"HAF30","ZAN-S","Na","Micheweni",NA,NA
"HMK1","JJJ",1,"HMK1","ZAN-S","Uzini","Uzini",NA,NA
"FP7039","JJJ",1,"FP7039","ZAN-A","TINDINI",NA,39.37453674,-6.29937908
"RBJ17","JJJ",1,"RBJ17","ZAN-S","Kitumba","Uzini",NA,NA
"YB5291","JJJ",1,"YB5291","MAIN-S",NA,"Bagamoyo",38.9042446,-6.434682192
"YB5468","JJJ",1,"YB5468","MAIN-S",NA,"Bagamoyo",38.9042446,-6.434682192
"PAS21","JJJ",1,"PAS21","ZAN-S","Kizimbani","Bububu",NA,NA
"MqTZ0426","JL",1,"MqTZ0426","MAIN-A",NA,"Bagamoyo",38.9042446,-6.434682192
"TMM6","JJJ",1,"TMM6","ZAN-S","Chukwani","Bububu",NA,NA
"FP2424","JJJ",1,"FP2424","ZAN-A","GHANA",NA,39.30083135,-6.051781348
"AMA65","JJJ",1,"AMA65","ZAN-S","Daraja Bovu","Bububu",NA,NA
"YB5299","JJJ",1,"YB5299","MAIN-S",NA,"Bagamoyo",38.9042446,-6.434682192
"YB5445","JJJ",1,"YB5445","MAIN-S",NA,"Bagamoyo",38.9042446,-6.434682192
"YB5007","JJJ",1,"YB5007","MAIN-S",NA,"Bagamoyo",38.9042446,-6.434682192
"KHA34","JJJ",1,"KHA34","ZAN-S","Tumbe Magharibi","Micheweni",NA,NA
"FP29420","JJJ",1,"FP29420","ZAN-A","FUMBA",NA,39.28089835,-6.315514685
"SIS25","JJJ",1,"SIS25","ZAN-S","Koani","Uzini",NA,NA
"YB5340","JJJ",1,"YB5340","MAIN-S",NA,"Bagamoyo",38.9042446,-6.434682192
"MKA6","JJJ",1,"MKA6","ZAN-S","Tunduni","Uzini",NA,NA
"MqTZ0475","JL",1,"MqTZ0475","MAIN-A",NA,"Bagamoyo",38.9042446,-6.434682192
"FP8390","JJJ",1,"FP8390","ZAN-A","GHANA",NA,39.29799891,-6.050196489
"AJM64","JJJ",1,"AJM64","ZAN-S","Kijichi","Bububu",NA,NA
"AAS20","JJJ",1,"AAS20","ZAN-S","Uzini","Uzini",NA,NA
"YB5378","JJJ",1,"YB5378","MAIN-S",NA,"Bagamoyo",38.9042446,-6.434682192
"FP25464","JJJ",1,"FP25464","ZAN-A","JENDELE",NA,39.37268827,-6.177648909
"OKM10","JJJ",1,"OKM10","ZAN-S","Mjini Wingwi","Micheweni",NA,NA
"IOO8","JJJ",1,"IOO8","ZAN-S","Tumbe Uzunguni","Micheweni",NA,NA
"FP2665","JJJ",1,"FP2665","ZAN-A","BWEJUU",NA,39.53165688,-6.240681696
"YB5079","JJJ",1,"YB5079","MAIN-S",NA,"Bagamoyo",38.9042446,-6.434682192
"SAJ28","JJJ",1,"SAJ28","ZAN-S","Tumbe Mashariki","Micheweni",NA,NA
"YB5056","JJJ",1,"YB5056","MAIN-S",NA,"Bagamoyo",38.9042446,-6.434682192
"YB5326","JJJ",1,"YB5326","MAIN-S",NA,"Bagamoyo",38.9042446,-6.434682192
"FP20443","JJJ",1,"FP20443","ZAN-A","UZI",NA,39.39890442,-6.333399241
"FP4257","JJJ",1,"FP4257","ZAN-A","GHANA",NA,39.29111336,-6.026668736
"YB5072","JJJ",1,"YB5072","MAIN-S",NA,"Bagamoyo",38.9042446,-6.434682192
"PST66","JJJ",1,"PST66","ZAN-S","Bububu","Bububu",NA,NA
"YMJ5","JJJ",1,"YMJ5","ZAN-S","Uzini","Uzini",NA,NA
"FP22099","JJJ",1,"FP22099","ZAN-A","MTENDE",NA,39.52566132,-6.449386744
"YB5031","JJJ",1,"YB5031","MAIN-S",NA,"Bagamoyo",38.9042446,-6.434682192
"YB5004","JJJ",1,"YB5004","MAIN-S",NA,"Bagamoyo",38.9042446,-6.434682192
"ARA38","JJJ",1,"ARA38","ZAN-S",NA,"Micheweni",NA,NA
"YB5055","JJJ",1,"YB5055","MAIN-S",NA,"Bagamoyo",38.9042446,-6.434682192
"MqTZ0189","JL",1,"MqTZ0189","MAIN-A",NA,"Bagamoyo",38.9042446,-6.434682192
"YB5437","JJJ",1,"YB5437","MAIN-S",NA,"Bagamoyo",38.9042446,-6.434682192
"FP28763","JJJ",1,"FP28763","ZAN-A","MACHUI",NA,39.28393805,-6.105838212
"FAM8","JJJ",1,"FAM8","ZAN-S","Shakani","Bububu",NA,NA
"MqTZ0489","JL",1,"MqTZ0489","MAIN-A",NA,"Bagamoyo",38.9042446,-6.434682192
"TJK44","JJJ",1,"TJK44","ZAN-S","Kizimbani","Bububu",NA,NA
"IAA03","JJJ",1,"IAA03","ZAN-S","Mitakawani","Uzini",NA,NA
"MNK16","JJJ",1,"MNK16","ZAN-S","Uzini","Uzini",NA,NA
"FP28902","JJJ",1,"FP28902","ZAN-A","MACHUI",NA,39.2839866,-6.105986445
"KMA10","JJJ",1,"KMA10","ZAN-S","Mwera","Uzini",NA,NA
"YB5025","JJJ",1,"YB5025","MAIN-S",NA,"Bagamoyo",38.9042446,-6.434682192
"MqTZ0385","JL",1,"MqTZ0385","MAIN-A",NA,"Bagamoyo",38.9042446,-6.434682192
"YB5099","JJJ",1,"YB5099","MAIN-S",NA,"Bagamoyo",38.9042446,-6.434682192
"SSA22","JJJ",1,"SSA22","ZAN-S","Shumba Vyamboni","Micheweni",NA,NA
"MqTZ0362","JL",1,"MqTZ0362","MAIN-A",NA,"Bagamoyo",38.9042446,-6.434682192
"FP6540","JJJ",1,"FP6540","ZAN-A","BWELEO",NA,39.28149417,-6.284857155
"YB5086","JJJ",1,"YB5086","MAIN-S",NA,"Bagamoyo",38.9042446,-6.434682192
"BRS22","JJJ",1,"BRS22","ZAN-S","Bububu","Bububu",NA,NA
"YB5316","JJJ",1,"YB5316","MAIN-S",NA,"Bagamoyo",38.9042446,-6.434682192
"YB5467","JJJ",1,"YB5467","MAIN-S",NA,"Bagamoyo",38.9042446,-6.434682192
"FP26146","JJJ",1,"FP26146","ZAN-A","BWEJUU",NA,39.53239532,-6.239841638
"YB5084","JJJ",1,"YB5084","MAIN-S",NA,"Bagamoyo",38.9042446,-6.434682192
"FP4859","JJJ",1,"FP4859","ZAN-A","MACHUI",NA,39.29137487,-6.09565549
"YB5027","JJJ",1,"YB5027","MAIN-S",NA,"Bagamoyo",38.9042446,-6.434682192
"YB5137","JJJ",1,"YB5137","MAIN-S",NA,"Bagamoyo",38.9042446,-6.434682192
"YB5076","JJJ",1,"YB5076","MAIN-S",NA,"Bagamoyo",38.9042446,-6.434682192
"RJS39","JJJ",1,"RJS39","ZAN-S","Tumbe Magharibi","Micheweni",NA,NA
"YB5460","JJJ",1,"YB5460","MAIN-S",NA,"Bagamoyo",38.9042446,-6.434682192
"YB5026","JJJ",1,"YB5026","MAIN-S",NA,"Bagamoyo",38.9042446,-6.434682192
"MOS14","JJJ",1,"MOS14","ZAN-S","Tunduni","Uzini",NA,NA
"AHO11","JJJ",1,"AHO11","ZAN-S","Shumba Vyamboni","Micheweni",NA,NA
"MqTZ0462","JL",1,"MqTZ0462","MAIN-A",NA,"Bagamoyo",38.9042446,-6.434682192
"MHH2","JJJ",1,"MHH2","ZAN-S","Shumba Vyamboni","Micheweni",NA,NA
"YB5258","JJJ",1,"YB5258","MAIN-S",NA,"Bagamoyo",38.9042446,-6.434682192
"MqTZ0096","JL",1,"MqTZ0096","MAIN-A",NA,"Bagamoyo",38.9042446,-6.434682192
"MqTZ0451","JL",1,"MqTZ0451","MAIN-A",NA,"Bagamoyo",38.9042446,-6.434682192
"YB5005","JJJ",1,"YB5005","MAIN-S",NA,"Bagamoyo",38.9042446,-6.434682192
"GSS12","JJJ",1,"GSS12","ZAN-S","Maungani","Bububu",NA,NA
"FMH42","JJJ",1,"FMH42","ZAN-S","Tumbe Mashariki","Micheweni",NA,NA
"YB5272","JJJ",1,"YB5272","MAIN-S",NA,"Bagamoyo",38.9042446,-6.434682192
"MqTZ0164","JL",1,"MqTZ0164","MAIN-A",NA,"Bagamoyo",38.9042446,-6.434682192
"HKT31","JJJ",1,"HKT31","ZAN-S","Tumbe","Micheweni",NA,NA
"YB5081","JJJ",1,"YB5081","MAIN-S",NA,"Bagamoyo",38.9042446,-6.434682192
"JAL19","JJJ",1,"JAL19","ZAN-S","K.Samaki","Bububu",NA,NA
"MJM48","JJJ",1,"MJM48","ZAN-S","Mahonda","Bububu",NA,NA
"MqTZ0235","JL",1,"MqTZ0235","MAIN-A",NA,"Bagamoyo",38.9042446,-6.434682192
"YB5075","JJJ",1,"YB5075","MAIN-S",NA,"Bagamoyo",38.9042446,-6.434682192
"FP1596","JJJ",1,"FP1596","ZAN-A","GHANA",NA,39.28372481,-6.037762581
"FP25733","JJJ",1,"FP25733","ZAN-A","JENDELE",NA,39.36146749,-6.173944128
"YB5080","JJJ",1,"YB5080","MAIN-S",NA,"Bagamoyo",38.9042446,-6.434682192
"YB5462","JJJ",1,"YB5462","MAIN-S",NA,"Bagamoyo",38.9042446,-6.434682192
"AAC5","JJJ",1,"AAC5","ZAN-S","Shakani","Bububu",NA,NA
"YB5020","JJJ",1,"YB5020","MAIN-S",NA,"Bagamoyo",38.9042446,-6.434682192
"SDS22","JJJ",1,"SDS22","ZAN-S","Mikatawani","Uzini",NA,NA
"BKM21","JJJ",1,"BKM21","ZAN-S","Majenzi","Micheweni",NA,NA
"MqTZ0364","JL",1,"MqTZ0364","MAIN-A",NA,"Bagamoyo",38.9042446,-6.434682192
"AMA60","JJJ",1,"AMA60","ZAN-S","Kombeni","Bububu",NA,NA
"BPM61","JJJ",1,"BPM61","ZAN-S","Chukwani","Bububu",NA,NA
"AJS7","JJJ",1,"AJS7","ZAN-S","Potoa","Bububu",NA,NA
"YB5346","JJJ",1,"YB5346","MAIN-S",NA,"Bagamoyo",38.9042446,-6.434682192
"MIA19","JJJ",1,"MIA19","ZAN-S","Mwera","Uzini",NA,NA
"YB5036","JJJ",1,"YB5036","MAIN-S",NA,"Bagamoyo",38.9042446,-6.434682192
"AR033","JJJ",1,"AR033","ZAN-S","Kisauni","Bububu",NA,NA
"MqTZ0518","JL",1,"MqTZ0518","MAIN-A",NA,"Bagamoyo",38.9042446,-6.434682192
"FP22051","JJJ",1,"FP22051","ZAN-A","MTENDE",NA,39.52636227,-6.446487236
"FP4108","JJJ",1,"FP4108","ZAN-A","BWEJUU",NA,NA,NA
"FP28762","JJJ",1,"FP28762","ZAN-A","MACHUI",NA,39.28393805,-6.105838212
"SKM23","JJJ",1,"SKM23","ZAN-S","Ubago","Uzini",NA,NA
"YB5060","JJJ",1,"YB5060","MAIN-S",NA,"Bagamoyo",38.9042446,-6.434682192
"FP2646","JJJ",1,"FP2646","ZAN-A","UZI",NA,39.40060059,-6.329143732
"MJO14","JJJ",1,"MJO14","ZAN-S","Shumba Vyamboni","Micheweni",NA,NA
"YB5304","JJJ",1,"YB5304","MAIN-S",NA,"Bagamoyo",38.9042446,-6.434682192
"YB5408","JJJ",1,"YB5408","MAIN-S",NA,"Bagamoyo",38.9042446,-6.434682192
"YB5001","JJJ",1,"YB5001","MAIN-S",NA,"Bagamoyo",38.9042446,-6.434682192
"YB5285","JJJ",1,"YB5285","MAIN-S",NA,"Bagamoyo",38.9042446,-6.434682192
"MTK33","JJJ",1,"MTK33","ZAN-S","Tumbe","Micheweni",NA,NA
"FP6215","JJJ",1,"FP6215","ZAN-A","BWEJUU",NA,39.53236795,-6.246798182
"FP28909","JJJ",1,"FP28909","ZAN-A","MACHUI",NA,39.28393133,-6.10597637
"KNM57","JJJ",1,"KNM57","ZAN-S","Dimani","Bububu",NA,NA
"YB5292","JJJ",1,"YB5292","MAIN-S",NA,"Bagamoyo",38.9042446,-6.434682192
"AAJ3","JJJ",1,"AAJ3","ZAN-S","Chimba","Micheweni",NA,NA
"YB5077","JJJ",1,"YB5077","MAIN-S",NA,"Bagamoyo",38.9042446,-6.434682192
"LSB9","JJJ",1,"LSB9","ZAN-S","Kisauni","Bububu",NA,NA
"MqTZ0116","JL",1,"MqTZ0116","MAIN-A",NA,"Bagamoyo",38.9042446,-6.434682192
"YB5002","JJJ",1,"YB5002","MAIN-S",NA,"Bagamoyo",38.9042446,-6.434682192
"FP28904","JJJ",1,"FP28904","ZAN-A","MACHUI",NA,NA,NA
"FP4264","JJJ",1,"FP4264","ZAN-A","GHANA",NA,39.29144725,-6.027822191
"SMM1","JJJ",1,"SMM1","ZAN-S","Gamba","Bububu",NA,NA
"YB5249","JJJ",1,"YB5249","MAIN-S",NA,"Bagamoyo",38.9042446,-6.434682192
"UAA23","JJJ",1,"UAA23","ZAN-S","Kazole","Bububu",NA,NA
"FP6542","JJJ",1,"FP6542","ZAN-A","BWELEO",NA,39.28294935,-6.285450342
"FP30664","JJJ",1,"FP30664","ZAN-A","K_MKWAJUNI",NA,39.30078816,-6.079755177
